index,iso3,year,median,emissions,income_group
0,AFG,1990,71.3132205387685,83.07633626663836,Low income
1,AFG,1995,75.6043371844284,88.07527260299986,Low income
2,AFG,2000,82.9888753582329,96.67789034857344,Low income
3,AFG,2005,76.0107766509359,88.54875425950777,Low income
4,AFG,2010,74.5248287089341,86.81769920447277,Low income
5,AFG,2015,76.5789278388431,89.21062198586027,Low income
6,AFG,2018,71.0353818364601,82.7526680703842,Low income
7,ARE,1990,213.090078088555,248.23928646926217,High income
8,ARE,1995,182.803659406993,212.9571230261765,High income
9,ARE,2000,180.377680753255,210.13097919350443,High income
10,ARE,2005,130.834824178505,152.4160284267494,High income
11,ARE,2010,141.478026304657,164.81482674361018,High income
12,ARE,2015,140.379273828683,163.53483504672428,High income
13,ARE,2018,141.418712550325,164.74572918550112,High income
14,BHR,1990,120.611094715161,140.50589478842682,High income
15,BHR,1995,123.372252291789,143.7225053073196,High income
16,BHR,2000,131.863565517813,153.61446064997622,High income
17,BHR,2005,122.51935746475,142.7289254785605,High income
18,BHR,2010,128.665182157851,149.88850395478852,High income
19,BHR,2015,137.661951316299,160.36929018592252,High income
20,BHR,2018,136.656988675964,159.19855895806424,High income
21,DJI,1990,50.0950052615589,58.35817637945305,Middle income
22,DJI,1995,61.0549196633035,71.12592866176541,Middle income
23,DJI,2000,79.8828459632009,93.05952140483087,Middle income
24,DJI,2005,67.0441789191598,78.1031162318752,Middle income
25,DJI,2010,43.6959846194669,50.90363728244797,Middle income
26,DJI,2015,72.4356195370863,84.38387497972869,Middle income
27,DJI,2018,49.9697864309885,58.21230270278005,Middle income
28,EGY,1990,52.3322978992431,60.964510437723256,Middle income
29,EGY,1995,54.6468706354153,63.660871946727056,Middle income
30,EGY,2000,59.274952786867,69.05235624906071,Middle income
31,EGY,2005,61.3697009755948,71.49263315151917,Middle income
32,EGY,2010,64.4561499589037,75.08819189462487,Middle income
33,EGY,2015,56.9680505160742,66.36493044870065,Middle income
34,EGY,2018,56.132813144208,65.39192067234512,Middle income
35,IRN,1990,95.6036082298698,111.37342340738684,Middle income
36,IRN,1995,71.5604848786608,83.3643868593959,Middle income
37,IRN,2000,103.259103078431,120.2916921312182,Middle income
38,IRN,2005,128.946553877378,150.2162879394515,Middle income
39,IRN,2010,74.5364758965823,86.83126759572356,Middle income
40,IRN,2015,37.7010433897942,43.919830496940754,Middle income
41,IRN,2018,39.6296704196675,46.16658455539166,Middle income
43,IRQ,1995,63.0779647790927,73.48267506940405,Middle income
44,IRQ,2000,165.192305939249,192.4407768039281,Middle income
45,IRQ,2005,103.518410080151,120.59377182287191,Middle income
46,IRQ,2010,113.11769151644,131.7764547320768,Middle income
47,IRQ,2015,91.8933712382184,107.05118282396252,Middle income
48,IRQ,2018,89.9357549641949,104.77065774553886,Middle income
49,JOR,1990,116.976198153448,136.27142203885924,Middle income
50,JOR,1995,118.63696901639,138.20613705564352,Middle income
51,JOR,2000,122.254898040593,142.4208434723888,Middle income
52,JOR,2005,121.435875779949,141.4667234898516,Middle income
53,JOR,2010,122.929869682258,143.20715168634646,Middle income
54,JOR,2015,117.837967037784,137.27533970066648,Middle income
55,JOR,2018,117.971621088981,137.4310399876084,Middle income
56,KWT,1990,103.180918888628,120.2006114593072,High income
57,KWT,1995,184.747671342741,215.22179973072613,High income
58,KWT,2000,168.742064638193,196.5760682002629,High income
59,KWT,2005,127.938285359944,149.04170553006676,High income
60,KWT,2010,136.938661875433,159.5266941517857,High income
61,KWT,2015,251.398256283742,292.86639865774526,High income
62,KWT,2018,242.097089726668,282.0310046770819,High income
63,LBN,1990,75.7840478023375,88.28462648733307,Middle income
64,LBN,1995,94.7220791193292,110.34648607006255,Middle income
65,LBN,2000,98.5311128136111,114.78381987221626,Middle income
66,LBN,2005,97.9316197268092,114.0854404007464,Middle income
67,LBN,2010,83.1501949396859,96.8658195949871,Middle income
68,LBN,2015,91.97087046735912,107.14146555095002,Middle income
69,LBN,2018,89.3464155962843,104.0841068488914,Middle income
70,LBR,1990,28.86006871627,33.62053705101874,Low income
71,LBR,1995,41.0429259093481,47.812956538095065,Low income
72,LBR,2000,37.5528138172248,43.74715045637603,Low income
73,LBR,2005,48.0307150677123,55.95338151813145,Low income
74,LBR,2010,36.8535493055112,42.93254226345528,Low income
75,LBR,2015,36.6362472243478,42.67939620400397,Low income
76,LBR,2018,33.8805611713127,39.46915973652073,Low income
77,MAR,1990,104.41541322067,121.63873563141954,Middle income
78,MAR,1995,104.076521287133,121.2439434734456,Middle income
79,MAR,2000,105.06805107816,122.3990261035025,Middle income
80,MAR,2005,114.264915598055,133.1129134259542,Middle income
81,MAR,2010,133.349138161143,155.34507850082355,Middle income
82,MAR,2015,133.929897011488,156.02163352353296,Middle income
83,MAR,2018,136.705831018909,159.25545784547805,Middle income
84,OMN,1990,106.208525601717,123.72762189972022,High income
85,OMN,1995,122.96485389463,143.2479065445492,High income
86,OMN,2000,139.919251936225,162.99893254310533,High income
87,OMN,2005,131.019233992243,152.63085663926347,High income
88,OMN,2010,168.448601499114,196.23419831639288,High income
89,OMN,2015,173.577519717135,202.2091315944764,High income
90,OMN,2018,151.043456254395,175.95807436355747,High income
91,PAK,1990,66.3606247011091,77.30680974555706,Middle income
92,PAK,1995,69.4641945204395,80.922313406586,Middle income
93,PAK,2000,73.4926567806552,85.61527051662428,Middle income
94,PAK,2005,79.2614887019928,92.33567126338652,Middle income
95,PAK,2010,80.350584084922,93.60441292972988,Middle income
96,PAK,2015,71.6706014172588,83.49266712103564,Middle income
97,PAK,2018,71.7104828851521,83.53912703705795,Middle income
98,PSE,1990,116.718463033993,135.97117351145016,Middle income
99,PSE,1995,120.556330163014,140.44209682340315,Middle income
100,PSE,2000,131.698621530769,153.42230915226935,Middle income
101,PSE,2005,126.031704992351,146.82063473083932,Middle income
102,PSE,2010,137.695410210836,160.4082681251134,Middle income
103,PSE,2015,142.165857689728,165.61611591564863,Middle income
104,PSE,2018,140.745159512979,163.9610735746449,Middle income
105,QAT,1990,117.663679740438,137.07230371362326,High income
106,QAT,1995,119.494949299932,139.20564118695577,High income
107,QAT,2000,129.111223930492,150.40812031782667,High income
108,QAT,2005,122.361638791409,142.54519111005192,High income
109,QAT,2010,125.003844906338,145.62322912363848,High income
110,QAT,2015,129.654310772678,151.04078933463123,High income
111,QAT,2018,128.434617597383,149.61990777007134,High income
112,SAU,1990,134.393545405083,156.56176071965143,High income
113,SAU,1995,96.918495136972,112.90520090981552,High income
114,SAU,2000,120.375860004314,140.2318581120256,High income
115,SAU,2005,127.999226729296,149.11269917829338,High income
116,SAU,2010,111.758753225675,130.1933595702501,High income
117,SAU,2015,87.2282347231587,101.61653204074372,High income
118,SAU,2018,89.6067404428833,104.3873722789369,High income
119,SDN,1990,77.4616310023132,90.23892703614476,Low income
120,SDN,1995,80.2135692725433,93.4447975240493,Low income
121,SDN,2000,82.3520104414892,95.93597456381283,Low income
122,SDN,2005,93.4871063352412,108.90780452523924,Low income
123,SDN,2010,93.3585105601215,108.75799687701354,Low income
124,SDN,2015,87.0547705367476,101.41445493678413,Low income
125,SDN,2018,85.0234845836865,99.0481083657656,Low income
126,SYR,1990,111.673620941415,130.0941847157014,Low income
127,SYR,1995,113.656639427072,132.40430210056752,Low income
128,SYR,2000,120.818453251701,140.7474571155691,Low income
129,SYR,2005,117.688864897819,137.10164316271425,Low income
130,SYR,2010,127.168757284221,148.14524379825326,Low income
131,SYR,2015,129.539417268565,150.9069441470148,Low income
132,SYR,2018,128.000876079497,149.11462058881006,Low income
133,TUN,1990,81.7994714349892,95.29229424819069,Middle income
134,TUN,1995,95.1042560993389,110.79170314292485,Middle income
135,TUN,2000,137.112240984237,159.72890513458688,Middle income
136,TUN,2005,128.684852776153,149.91141924157947,Middle income
137,TUN,2010,159.215582408303,185.4781927265525,Middle income
138,TUN,2015,189.047668006848,220.2310808445776,Middle income
139,TUN,2018,184.677851477253,215.14046307842588,Middle income
140,YEM,1990,88.544150397334,103.14950800537424,Low income
141,YEM,1995,49.4319282130681,57.58572477181368,Low income
142,YEM,2000,72.1436566421028,84.04375280521766,Low income
143,YEM,2005,83.8154041092899,97.64075501711729,Low income
144,YEM,2010,70.4955156121937,82.12375091242505,Low income
145,YEM,2015,62.1439342234637,72.39457617362405,Low income
146,YEM,2018,104.777475492826,122.06052007536763,Low income
147,EMR,1990,103.180918888628,120.2006114593072,
148,EMR,1995,95.1042560993389,110.79170314292485,
149,EMR,2000,120.375860004314,140.2318581120256,
150,EMR,2005,117.688864897819,137.10164316271425,
151,EMR,2010,113.11769151644,131.7764547320768,
152,EMR,2015,91.97087046735912,107.14146555095002,
153,EMR,2018,104.777475492826,122.06052007536763,
